id, nome, preco, descricao
1, Produto A, 10.00, Descrição do Produto A
2, Produto B, 20.00, Descrição do Produto B
3, Produto C, 30.00, Descrição do Produto C
4, Produto D, 40.00, Descrição do Produto D
5, Produto E, 50.00, Descrição do Produto E
6, Produto F, 60.00, Descrição do Produto F
7, Produto G, 70.00, Descrição do Produto G
8, Produto H, 80.00, Descrição do Produto H
9, Produto I, 90.00, Descrição do Produto I
10, Produto J, 100.00, Descrição do Produto J
11, Produto K, 110.00, Descrição do Produto K
12, Produto L, 120.00, Descrição do Produto L
13, Produto M, 130.00, Descrição do Produto M
14, Produto N, 140.00, Descrição do Produto N
15, Produto O, 150.00, Descrição do Produto O
16, Produto P, 160.00, Descrição do Produto P
17, Produto Q, 170.00, Descrição do Produto Q
18, Produto R, 180.00, Descrição do Produto R
19, Produto S, 190.00, Descrição do Produto S
20, Produto T, 200.00, Descrição do Produto T
21, Produto U, 210.00, Descrição do Produto U
22, Produto V, 220.00, Descrição do Produto V
23, Produto W, 230.00, Descrição do Produto W
24, Produto X, 240.00, Descrição do Produto X
25, Produto Y, 250.00, Descrição do Produto Y
26, Produto Z, 260.00, Descrição do Produto Z
27, Produto AA, 270.00, Descrição do Produto AA